case,activity,time,duration,resource
1,a,12:17,0.19,R1
1,d,12:28,0.8,R2
1,b,13:17,0.24,R2
2,a,09:02,0.13,R1
2,c,09:10,0.74,R1
2,b,09:55,0.11,R2
3,a,09:11,0.35,R1
3,c,09:32,0.76,R1
3,b,10:18,0.12,R2
4,a,08:51,0.32,R1
4,c,09:11,0.83,R1
4,b,10:01,0.2,R2
5,a,08:39,0.44,R1
5,c,09:06,0.59,R1
5,b,09:41,0.42,R2
6,a,10:12,0.36,R1
6,c,10:34,0.72,R1
6,b,11:17,0.11,R2
7,a,12:02,0.36,R1
7,d,12:24,0.65,R2
7,b,13:03,0.26,R2
8,a,12:21,0.32,R1
8,d,12:41,0.88,R1
8,b,13:34,0.15,R2
9,a,11:47,0.34,R1
9,d,12:08,0.81,R2
9,b,12:57,0.19,R2
10,a,11:53,0.26,R1
10,d,12:09,0.73,R2
10,b,12:54,0.27,R2
11,a,09:02,0.38,R1
11,c,09:25,0.9,R1
11,b,10:20,0.38,R2
12,a,12:30,0.02,R1
12,d,12:31,0.9,R2
12,b,13:26,0.29,R2
13,a,12:16,0.26,R1
13,d,12:32,0.69,R2
13,b,13:13,0.05,R2
14,a,12:47,0.11,R1
14,d,12:54,0.88,R2
14,b,13:47,0.38,R2
15,a,11:52,0.17,R1
15,d,12:02,0.97,R2
15,b,13:01,0.43,R2
16,a,09:32,0.21,R1
16,c,09:44,0.6,R1
16,b,10:20,0.34,R2
17,a,09:05,0.13,R1
17,c,09:13,0.84,R1
17,b,10:04,0.07,R2
18,a,12:32,0.35,R1
18,d,12:53,0.5,R1
18,b,13:24,0.36,R2
19,a,12:16,0.15,R1
19,d,12:25,0.64,R2
19,b,13:04,0.24,R2
20,a,09:09,0.03,R1
20,c,09:11,0.81,R1
20,b,10:00,0.21,R2
21,a,10:22,0.02,R1
21,c,10:24,0.7,R1
21,b,11:06,0.34,R2
22,a,12:33,0.03,R1
22,d,12:35,0.97,R1
22,b,13:33,0.24,R2
23,a,12:10,0.25,R1
23,d,12:26,0.77,R2
23,b,13:12,0.43,R2
24,a,08:53,0.26,R1
24,c,09:08,0.94,R1
24,b,10:05,0.21,R2
25,a,10:02,0.19,R1
25,c,10:13,0.8,R1
25,b,11:02,0.09,R2
26,a,09:17,0.44,R1
26,c,09:43,0.5,R1
26,b,10:14,0.11,R2
27,a,09:35,0.17,R1
27,c,09:45,0.63,R1
27,b,10:23,0.44,R2
28,a,11:40,0.44,R1
28,d,12:07,0.54,R2
28,b,12:39,0.11,R2
29,a,12:19,0.13,R1
29,d,12:27,0.9,R2
29,b,13:21,0.21,R2
30,a,12:27,0.19,R1
30,d,12:39,0.94,R2
30,b,13:36,0.02,R2
31,a,11:54,0.31,R1
31,d,12:13,0.87,R2
31,b,13:05,0.4,R2
32,a,11:52,0.29,R1
32,d,12:09,0.58,R2
32,b,12:44,0.04,R2
33,a,12:01,0.06,R1
33,d,12:05,0.73,R2
33,b,12:49,0.22,R2
34,a,13:55,0.24,R1
34,d,14:10,0.99,R2
34,b,15:10,0.06,R2
35,a,12:15,0.25,R1
35,d,12:30,0.75,R2
35,b,13:16,0.31,R2
36,a,08:37,0.38,R1
36,c,09:00,0.67,R1
36,b,09:40,0.04,R2
37,a,09:33,0.3,R1
37,c,09:52,0.6,R1
37,b,10:28,0.4,R2
38,a,12:14,0.08,R1
38,d,12:18,0.91,R2
38,b,13:13,0.35,R2
39,a,09:23,0.36,R1
39,c,09:44,0.59,R1
39,b,10:20,0.32,R2
40,a,09:00,0.23,R1
40,c,09:14,0.58,R1
40,b,09:49,0.07,R2
41,a,13:36,0.46,R1
41,d,14:03,0.93,R1
41,b,15:00,0.37,R2
42,a,12:19,0.09,R1
42,d,12:25,0.88,R2
42,b,13:18,0.43,R2
43,a,12:09,0.24,R1
43,d,12:23,0.56,R2
43,b,12:57,0.28,R2
44,a,11:58,0.11,R1
44,d,12:05,0.66,R2
44,b,12:44,0.13,R2
45,a,11:39,0.46,R1
45,d,12:07,0.92,R2
45,b,13:03,0.1,R2
46,a,09:06,0.25,R1
46,c,09:21,0.67,R1
46,b,10:02,0.18,R2
47,a,12:12,0.08,R1
47,d,12:17,0.73,R2
47,b,13:01,0.21,R2
48,a,12:57,0.38,R1
48,d,13:20,0.62,R2
48,b,13:58,0.34,R2
49,a,11:52,0.35,R1
49,d,12:14,0.69,R2
49,b,12:55,0.37,R2
50,a,12:45,0.02,R1
50,d,12:46,0.94,R2
50,b,13:43,0.06,R2
51,a,11:55,0.14,R1
51,d,12:04,0.92,R1
51,b,12:59,0.16,R2
52,a,11:46,0.33,R1
52,d,12:06,0.76,R2
52,b,12:52,0.37,R2
53,a,09:22,0.1,R1
53,c,09:28,0.98,R1
53,b,10:27,0.31,R2
54,a,12:07,0.09,R1
54,d,12:12,0.59,R2
54,b,12:48,0.45,R2
55,a,12:07,0.12,R1
55,d,12:14,0.55,R1
55,b,12:48,0.41,R2
56,a,09:18,0.04,R1
56,c,09:20,0.79,R1
56,b,10:08,0.37,R2
57,a,12:03,0.12,R1
57,d,12:11,0.63,R2
57,b,12:49,0.06,R2
58,a,11:45,0.26,R1
58,d,12:01,0.91,R2
58,b,12:56,0.21,R2
59,a,11:51,0.37,R1
59,d,12:13,0.79,R2
59,b,13:00,0.24,R2
60,a,11:57,0.14,R1
60,d,12:06,0.74,R2
60,b,12:51,0.16,R2
61,a,12:12,0.11,R1
61,d,12:19,0.56,R2
61,b,12:53,0.24,R2
62,a,08:39,0.36,R1
62,c,09:01,0.68,R1
62,b,09:42,0.32,R2
63,a,08:58,0.23,R1
63,c,09:11,0.98,R1
63,b,10:11,0.3,R2
64,a,11:47,0.22,R1
64,d,12:01,0.6,R2
64,b,12:37,0.31,R2
65,a,11:59,0.45,R1
65,d,12:26,0.55,R2
65,b,13:00,0.37,R2
66,a,12:26,0.26,R1
66,d,12:42,0.74,R2
66,b,13:26,0.24,R2
67,a,09:48,0.22,R1
67,c,10:01,0.99,R1
67,b,11:01,0.18,R2
68,a,12:03,0.4,R1
68,d,12:27,0.86,R1
68,b,13:19,0.02,R2
69,a,09:13,0.07,R1
69,c,09:17,0.84,R1
69,b,10:08,0.16,R2
70,a,08:32,0.48,R1
70,c,09:01,0.85,R2
70,b,09:53,0.41,R2
71,a,08:58,0.15,R1
71,c,09:07,0.8,R1
71,b,09:55,0.03,R2
72,a,09:23,0.1,R1
72,c,09:29,0.62,R1
72,b,10:07,0.39,R2
73,a,09:12,0.16,R1
73,c,09:21,0.66,R1
73,b,10:02,0.2,R2
74,a,13:10,0.41,R1
74,d,13:35,0.57,R2
74,b,14:09,0.48,R2
75,a,08:56,0.49,R1
75,c,09:25,0.96,R1
75,b,10:23,0.18,R2
76,a,11:57,0.35,R1
76,d,12:19,0.59,R2
76,b,12:55,0.19,R2
77,a,12:36,0.22,R1
77,d,12:49,0.85,R2
77,b,13:41,0.48,R2
78,a,08:47,0.29,R1
78,c,09:05,0.95,R1
78,b,10:02,0.11,R2
79,a,12:01,0.17,R1
79,d,12:11,0.76,R2
79,b,12:57,0.04,R2
80,a,09:52,0.16,R1
80,c,10:01,0.7,R2
80,b,10:44,0.08,R2
81,a,09:51,0.04,R1
81,c,09:54,0.9,R1
81,b,10:49,0.31,R2
82,a,09:59,0.41,R1
82,c,10:24,0.92,R1
82,b,11:20,0.02,R2
83,a,08:51,0.28,R1
83,c,09:08,0.91,R1
83,b,10:04,0.12,R2
84,a,11:57,0.06,R1
84,d,12:01,0.51,R2
84,b,12:31,0.3,R2
85,a,11:47,0.27,R1
85,d,12:03,0.5,R2
85,b,12:33,0.27,R2
86,a,11:55,0.3,R1
86,d,12:14,0.55,R2
86,b,12:47,0.49,R2
87,a,11:59,0.19,R1
87,d,12:11,0.62,R2
87,b,12:48,0.38,R2
88,a,08:48,0.29,R1
88,c,09:06,0.83,R1
88,b,09:56,0.34,R2
89,a,10:00,0.17,R1
89,c,10:11,0.51,R1
89,b,10:42,0.22,R2
90,a,12:35,0.22,R1
90,d,12:49,0.56,R1
90,b,13:22,0.13,R2
91,a,09:04,0.19,R1
91,c,09:16,0.91,R1
91,b,10:11,0.03,R2
92,a,11:52,0.24,R1
92,d,12:06,0.57,R2
92,b,12:41,0.1,R2
93,a,08:56,0.49,R1
93,c,09:25,0.63,R1
93,b,10:04,0.21,R2
94,a,08:54,0.44,R1
94,c,09:20,0.75,R1
94,b,10:06,0.31,R2
95,a,11:59,0.13,R1
95,d,12:07,0.61,R2
95,b,12:44,0.15,R2
96,a,12:10,0.31,R1
96,d,12:29,0.63,R2
96,b,13:07,0.45,R2
97,a,14:01,0.4,R1
97,d,14:25,0.6,R2
97,b,15:01,0.44,R2
98,a,09:03,0.04,R1
98,c,09:05,0.75,R1
98,b,09:51,0.27,R2
99,a,11:43,0.37,R1
99,d,12:05,0.76,R2
99,b,12:52,0.33,R2
100,a,11:49,0.45,R1
100,d,12:17,0.51,R2
100,b,12:48,0.24,R2
101,a,08:54,0.39,R1
101,c,09:17,0.93,R1
101,b,10:14,0.28,R2
102,a,09:08,0.31,R1
102,c,09:26,0.68,R1
102,b,10:08,0.12,R2
103,a,14:09,0.32,R1
103,d,14:29,0.7,R1
103,b,15:11,0.42,R2
104,a,12:01,0.06,R1
104,d,12:05,0.52,R2
104,b,12:37,0.33,R2
105,a,11:49,0.23,R1
105,d,12:03,0.64,R2
105,b,12:42,0.12,R2
106,a,11:49,0.27,R1
106,d,12:05,0.81,R2
106,b,12:55,0.03,R2
107,a,12:15,0.04,R1
107,d,12:17,0.8,R2
107,b,13:05,0.1,R2
108,a,14:07,0.15,R1
108,d,14:17,0.77,R2
108,b,15:03,0.45,R2
109,a,12:42,0.18,R1
109,d,12:53,0.62,R1
109,b,13:30,0.12,R2
110,a,08:47,0.28,R1
110,c,09:05,0.74,R1
110,b,09:49,0.33,R2
111,a,14:35,0.07,R1
111,d,14:40,0.91,R2
111,b,15:35,0.26,R2
112,a,12:24,0.05,R1
112,d,12:27,0.81,R1
112,b,13:16,0.03,R2
113,a,11:55,0.12,R1
113,d,12:02,0.76,R2
113,b,12:48,0.32,R2
114,a,08:59,0.2,R1
114,c,09:12,0.9,R1
114,b,10:06,0.46,R2
115,a,08:43,0.34,R1
115,c,09:04,0.61,R1
115,b,09:41,0.12,R2
116,a,08:51,0.16,R1
116,c,09:00,0.71,R1
116,b,09:43,0.32,R2
117,a,09:24,0.29,R1
117,c,09:42,0.63,R1
117,b,10:20,0.21,R2
118,a,09:25,0.04,R1
118,c,09:28,0.83,R1
118,b,10:18,0.24,R2
119,a,13:57,0.46,R1
119,d,14:25,0.74,R2
119,b,15:10,0.3,R2
120,a,08:51,0.16,R1
120,c,09:01,0.64,R2
120,b,09:40,0.2,R2
121,a,09:03,0.03,R1
121,c,09:05,0.87,R1
121,b,09:58,0.46,R2
122,a,08:58,0.34,R1
122,c,09:18,0.9,R1
122,b,10:13,0.49,R2
123,a,11:46,0.37,R1
123,d,12:08,0.61,R2
123,b,12:44,0.33,R2
124,a,12:26,0.33,R1
124,d,12:46,0.63,R2
124,b,13:24,0.13,R2
125,a,11:55,0.28,R1
125,d,12:12,0.81,R2
125,b,13:00,0.28,R2
126,a,09:03,0.22,R1
126,c,09:17,0.56,R1
126,b,09:50,0.46,R2
127,a,11:33,0.47,R1
127,d,12:02,0.8,R2
127,b,12:50,0.09,R2
128,a,08:46,0.43,R1
128,c,09:12,0.56,R1
128,b,09:46,0.41,R2
129,a,12:37,0.46,R1
129,d,13:05,0.87,R2
129,b,13:57,0.25,R2
130,a,11:46,0.43,R1
130,d,12:12,0.77,R2
130,b,12:59,0.26,R2
131,a,11:44,0.4,R1
131,d,12:09,0.72,R2
131,b,12:52,0.39,R2
132,a,12:33,0.36,R1
132,d,12:55,0.91,R2
132,b,13:51,0.07,R2
133,a,08:54,0.25,R1
133,c,09:09,0.81,R1
133,b,09:58,0.24,R2
134,a,08:47,0.26,R1
134,c,09:02,0.74,R2
134,b,09:47,0.28,R2
135,a,12:17,0.08,R1
135,d,12:21,0.94,R2
135,b,13:18,0.41,R2
136,a,09:15,0.36,R1
136,c,09:37,0.74,R1
136,b,10:21,0.05,R2
137,a,12:41,0.07,R1
137,d,12:45,0.84,R2
137,b,13:36,0.31,R2
138,a,11:49,0.29,R1
138,d,12:07,0.99,R2
138,b,13:06,0.22,R2
139,a,08:43,0.48,R1
139,c,09:12,0.81,R1
139,b,10:01,0.02,R2
140,a,08:56,0.07,R1
140,c,09:01,0.62,R1
140,b,09:38,0.2,R2
141,a,12:00,0.34,R1
141,d,12:21,0.68,R2
141,b,13:02,0.46,R2
142,a,11:39,0.35,R1
142,d,12:00,0.63,R2
142,b,12:39,0.46,R2
143,a,11:53,0.41,R1
143,d,12:17,0.91,R2
143,b,13:13,0.38,R2
144,a,12:23,0.23,R1
144,d,12:37,0.59,R2
144,b,13:13,0.36,R2
145,a,09:17,0.2,R1
145,c,09:29,0.97,R2
145,b,10:28,0.09,R2
146,a,12:19,0.49,R1
146,d,12:49,0.93,R2
146,b,13:45,0.39,R2
147,a,09:03,0.17,R1
147,c,09:13,0.92,R2
147,b,10:09,0.48,R2
148,a,09:22,0.11,R1
148,c,09:28,0.61,R1
148,b,10:05,0.44,R2
149,a,12:10,0.13,R1
149,d,12:17,0.77,R2
149,b,13:04,0.38,R2
150,a,08:59,0.15,R1
150,c,09:08,0.67,R1
150,b,09:49,0.41,R2
151,a,11:53,0.18,R1
151,d,12:04,0.58,R1
151,b,12:40,0.36,R2
152,a,12:34,0.25,R1
152,d,12:49,0.8,R2
152,b,13:38,0.4,R2
153,a,08:38,0.48,R1
153,c,09:07,0.69,R1
153,b,09:49,0.44,R2
154,a,08:48,0.23,R1
154,c,09:02,0.78,R1
154,b,09:49,0.06,R2
155,a,12:21,0.15,R1
155,d,12:30,0.9,R2
155,b,13:24,0.11,R2
156,a,11:48,0.33,R1
156,d,12:07,0.79,R2
156,b,12:55,0.17,R2
157,a,09:16,0.18,R1
157,c,09:27,0.73,R1
157,b,10:11,0.32,R2
158,a,11:38,0.36,R1
158,d,12:00,0.73,R2
158,b,12:44,0.36,R2
159,a,09:42,0.05,R1
159,c,09:46,0.54,R1
159,b,10:18,0.43,R2
160,a,08:55,0.18,R1
160,c,09:06,0.86,R1
160,b,09:58,0.09,R2
161,a,12:05,0.23,R1
161,d,12:19,0.84,R2
161,b,13:10,0.34,R2
162,a,09:28,0.17,R1
162,c,09:38,0.66,R1
162,b,10:18,0.25,R2
163,a,11:54,0.39,R1
163,d,12:17,0.9,R2
163,b,13:11,0.04,R2
164,a,11:46,0.36,R1
164,d,12:08,0.96,R2
164,b,13:06,0.41,R2
165,a,08:39,0.41,R1
165,c,09:04,0.55,R1
165,b,09:37,0.07,R2
166,a,12:09,0.45,R1
166,d,12:36,0.65,R2
166,b,13:15,0.22,R2
167,a,11:44,0.48,R1
167,d,12:13,0.72,R2
167,b,12:57,0.04,R2
168,a,08:38,0.39,R1
168,c,09:02,0.76,R1
168,b,09:47,0.22,R2
169,a,12:52,0.23,R1
169,d,13:06,0.75,R2
169,b,13:52,0.09,R2
170,a,08:53,0.39,R1
170,c,09:16,0.55,R1
170,b,09:50,0.39,R2
171,a,12:08,0.46,R1
171,d,12:36,0.5,R2
171,b,13:06,0.17,R2
172,a,12:34,0.16,R1
172,d,12:44,0.72,R2
172,b,13:27,0.37,R2
173,a,09:13,0.07,R1
173,c,09:18,0.52,R1
173,b,09:50,0.31,R2
174,a,08:50,0.41,R1
174,c,09:15,0.81,R2
174,b,10:04,0.37,R2
175,a,12:02,0.17,R1
175,d,12:12,0.68,R2
175,b,12:53,0.48,R2
176,a,09:30,0.26,R1
176,c,09:46,0.67,R1
176,b,10:27,0.3,R2
177,a,12:20,0.24,R1
177,d,12:35,0.9,R2
177,b,13:29,0.39,R2
178,a,13:09,0.1,R1
178,d,13:15,0.51,R2
178,b,13:46,0.13,R2
179,a,11:59,0.3,R1
179,d,12:18,0.9,R2
179,b,13:13,0.49,R2
180,a,09:47,0.24,R1
180,c,10:02,0.63,R1
180,b,10:40,0.48,R2
181,a,08:46,0.26,R1
181,c,09:02,0.86,R1
181,b,09:54,0.27,R2
182,a,12:30,0.31,R1
182,d,12:49,0.73,R2
182,b,13:33,0.11,R2
183,a,12:57,0.32,R1
183,d,13:17,0.67,R2
183,b,13:57,0.37,R2
184,a,12:00,0.45,R1
184,d,12:27,0.53,R2
184,b,13:00,0.45,R2
185,a,12:50,0.33,R1
185,d,13:11,0.53,R2
185,b,13:43,0.31,R2
186,a,09:27,0.04,R1
186,c,09:29,0.72,R1
186,b,10:13,0.17,R2
187,a,11:49,0.4,R1
187,d,12:14,0.5,R2
187,b,12:44,0.21,R2
188,a,09:49,0.37,R1
188,c,10:11,0.76,R1
188,b,10:57,0.03,R2
189,a,12:01,0.2,R1
189,d,12:13,0.86,R2
189,b,13:05,0.2,R2
190,a,09:11,0.17,R1
190,c,09:21,0.96,R1
190,b,10:19,0.47,R2
191,a,09:41,0.09,R1
191,c,09:47,0.83,R1
191,b,10:37,0.42,R2
192,a,13:31,0.39,R1
192,d,13:55,0.88,R1
192,b,14:48,0.23,R2
193,a,13:38,0.02,R1
193,d,13:40,0.52,R2
193,b,14:11,0.08,R2
194,a,08:41,0.38,R1
194,c,09:04,0.74,R1
194,b,09:48,0.44,R2
195,a,09:17,0.12,R1
195,c,09:24,0.68,R1
195,b,10:05,0.18,R2
196,a,12:09,0.38,R1
196,d,12:32,0.68,R2
196,b,13:14,0.49,R2
197,a,11:31,0.48,R1
197,d,12:00,0.66,R2
197,b,12:40,0.28,R2
198,a,11:44,0.29,R1
198,d,12:01,0.55,R1
198,b,12:35,0.35,R2
199,a,12:44,0.2,R1
199,d,12:57,0.71,R2
199,b,13:40,0.23,R2
200,a,10:45,0.31,R1
200,c,11:04,0.51,R1
200,b,11:34,0.35,R2
201,a,09:18,0.16,R1
201,c,09:27,0.64,R1
201,b,10:06,0.14,R2
202,a,12:02,0.29,R1
202,d,12:19,0.96,R2
202,b,13:17,0.26,R2
203,a,09:18,0.09,R1
203,c,09:24,0.54,R1
203,b,09:56,0.17,R2
204,a,09:03,0.05,R1
204,c,09:06,0.66,R1
204,b,09:46,0.12,R2
205,a,09:24,0.32,R1
205,c,09:44,0.54,R1
205,b,10:16,0.3,R2
206,a,08:41,0.41,R1
206,c,09:06,0.84,R1
206,b,09:57,0.1,R2
207,a,10:18,0.24,R1
207,c,10:33,0.53,R1
207,b,11:05,0.09,R2
208,a,11:54,0.25,R1
208,d,12:09,0.5,R2
208,b,12:39,0.08,R2
209,a,09:13,0.03,R1
209,c,09:14,0.64,R1
209,b,09:53,0.38,R2
210,a,11:40,0.35,R1
210,d,12:01,0.69,R2
210,b,12:43,0.08,R2
211,a,08:51,0.43,R1
211,c,09:17,0.94,R1
211,b,10:15,0.44,R2
212,a,09:13,0.08,R1
212,c,09:18,0.86,R1
212,b,10:10,0.47,R2
213,a,12:09,0.15,R1
213,d,12:18,0.68,R2
213,b,13:00,0.28,R2
214,a,09:17,0.44,R1
214,c,09:43,0.58,R1
214,b,10:18,0.36,R2
215,a,12:03,0.13,R1
215,d,12:11,0.55,R2
215,b,12:44,0.36,R2
216,a,09:21,0.3,R1
216,c,09:39,0.79,R1
216,b,10:28,0.28,R2
217,a,09:24,0.4,R1
217,c,09:48,0.97,R1
217,b,10:47,0.41,R2
218,a,10:06,0.27,R1
218,c,10:22,0.98,R1
218,b,11:22,0.42,R2
219,a,12:22,0.23,R1
219,d,12:36,0.88,R2
219,b,13:29,0.48,R2
220,a,12:43,0.37,R1
220,d,13:06,0.75,R2
220,b,13:51,0.15,R2
221,a,11:34,0.45,R1
221,d,12:01,0.79,R2
221,b,12:49,0.08,R2
222,a,12:03,0.19,R1
222,d,12:15,0.74,R2
222,b,13:00,0.03,R2
223,a,09:14,0.12,R1
223,c,09:22,0.62,R1
223,b,09:59,0.2,R2
224,a,08:51,0.47,R1
224,c,09:20,0.81,R1
224,b,10:09,0.37,R2
225,a,08:43,0.4,R1
225,c,09:07,0.56,R1
225,b,09:41,0.28,R2
226,a,08:47,0.37,R1
226,c,09:10,0.91,R1
226,b,10:05,0.29,R2
227,a,09:20,0.09,R1
227,c,09:26,0.56,R1
227,b,10:00,0.44,R2
228,a,09:30,0.44,R1
228,c,09:56,0.65,R2
228,b,10:36,0.31,R2
229,a,12:36,0.27,R1
229,d,12:52,0.68,R2
229,b,13:33,0.44,R2
230,a,12:02,0.45,R1
230,d,12:29,0.89,R1
230,b,13:23,0.15,R2
231,a,09:04,0.04,R1
231,c,09:06,0.8,R1
231,b,09:54,0.12,R2
232,a,08:49,0.24,R1
232,c,09:03,0.61,R1
232,b,09:40,0.35,R2
233,a,12:47,0.22,R1
233,d,13:00,0.64,R2
233,b,13:39,0.35,R2
234,a,12:08,0.15,R1
234,d,12:17,0.52,R2
234,b,12:48,0.41,R2
235,a,12:41,0.31,R1
235,d,13:00,0.92,R2
235,b,13:56,0.22,R2
236,a,08:37,0.44,R1
236,c,09:04,0.82,R1
236,b,09:53,0.48,R2
237,a,11:47,0.4,R1
237,d,12:11,0.93,R1
237,b,13:08,0.02,R2
238,a,13:31,0.11,R1
238,d,13:37,0.91,R2
238,b,14:32,0.45,R2
239,a,12:56,0.16,R1
239,d,13:06,0.66,R2
239,b,13:46,0.45,R2
240,a,11:55,0.15,R1
240,d,12:04,0.53,R2
240,b,12:36,0.13,R2
241,a,09:20,0.2,R1
241,c,09:32,0.55,R2
241,b,10:06,0.17,R2
242,a,09:11,0.07,R1
242,c,09:15,0.9,R2
242,b,10:09,0.29,R2
243,a,08:50,0.22,R1
243,c,09:03,0.77,R1
243,b,09:50,0.15,R2
244,a,10:39,0.02,R1
244,c,10:40,0.5,R1
244,b,11:10,0.06,R2
245,a,13:57,0.06,R1
245,d,14:00,0.74,R2
245,b,14:45,0.42,R2
246,a,11:57,0.25,R1
246,d,12:12,0.78,R2
246,b,13:00,0.21,R2
247,a,11:54,0.14,R1
247,d,12:03,0.81,R1
247,b,12:52,0.2,R2
248,a,12:03,0.06,R1
248,d,12:07,0.68,R1
248,b,12:48,0.02,R2
249,a,08:58,0.29,R1
249,c,09:16,0.99,R1
249,b,10:16,0.06,R2
250,a,11:51,0.14,R1
250,d,12:00,0.95,R1
250,b,12:57,0.36,R2
251,a,08:48,0.36,R1
251,c,09:09,0.65,R1
251,b,09:49,0.43,R2
252,a,08:47,0.21,R1
252,c,09:00,0.84,R1
252,b,09:51,0.46,R2
253,a,09:20,0.49,R1
253,c,09:49,0.76,R1
253,b,10:36,0.34,R2
254,a,12:46,0.25,R1
254,d,13:02,0.79,R1
254,b,13:49,0.19,R2
255,a,12:47,0.16,R1
255,d,12:57,0.5,R2
255,b,13:27,0.48,R2
256,a,12:19,0.37,R1
256,d,12:41,0.64,R2
256,b,13:20,0.21,R2
257,a,08:59,0.1,R1
257,c,09:04,0.92,R1
257,b,10:00,0.42,R2
258,a,12:22,0.17,R1
258,d,12:32,0.93,R2
258,b,13:28,0.38,R2
259,a,09:50,0.34,R1
259,c,10:11,0.69,R1
259,b,10:52,0.46,R2
260,a,11:40,0.42,R1
260,d,12:06,0.7,R2
260,b,12:48,0.31,R2
261,a,08:55,0.28,R1
261,c,09:12,0.57,R1
261,b,09:47,0.15,R2
262,a,12:06,0.41,R1
262,d,12:31,0.68,R2
262,b,13:12,0.09,R2
263,a,08:43,0.49,R1
263,c,09:13,0.8,R1
263,b,10:01,0.35,R2
264,a,10:21,0.31,R1
264,c,10:40,0.71,R1
264,b,11:23,0.03,R2
265,a,09:22,0.08,R1
265,c,09:27,0.98,R1
265,b,10:27,0.3,R2
266,a,11:40,0.47,R1
266,d,12:09,0.61,R2
266,b,12:46,0.04,R2
267,a,12:07,0.24,R1
267,d,12:21,0.67,R2
267,b,13:02,0.03,R2
268,a,10:52,0.18,R1
268,c,11:03,0.72,R1
268,b,11:47,0.38,R2
269,a,13:23,0.04,R1
269,d,13:25,0.79,R2
269,b,14:13,0.49,R2
270,a,12:08,0.38,R1
270,d,12:31,0.61,R2
270,b,13:08,0.24,R2
271,a,12:10,0.1,R1
271,d,12:16,0.79,R2
271,b,13:04,0.17,R2
272,a,12:04,0.07,R1
272,d,12:08,0.9,R2
272,b,13:02,0.32,R2
273,a,08:52,0.3,R1
273,c,09:11,0.72,R1
273,b,09:54,0.08,R2
274,a,13:03,0.46,R1
274,d,13:31,0.75,R2
274,b,14:17,0.46,R2
275,a,09:03,0.37,R1
275,c,09:25,0.52,R1
275,b,09:57,0.26,R2
276,a,09:02,0.04,R1
276,c,09:05,0.97,R1
276,b,10:03,0.05,R2
277,a,11:35,0.46,R1
277,d,12:03,0.69,R2
277,b,12:44,0.46,R2
278,a,08:43,0.42,R1
278,c,09:08,0.77,R1
278,b,09:55,0.39,R2
279,a,12:16,0.21,R1
279,d,12:29,0.53,R1
279,b,13:01,0.42,R2
280,a,11:56,0.09,R1
280,d,12:02,0.7,R2
280,b,12:44,0.08,R2
281,a,09:57,0.02,R1
281,c,09:58,0.54,R1
281,b,10:31,0.03,R2
282,a,12:45,0.28,R1
282,d,13:02,0.6,R1
282,b,13:38,0.15,R2
283,a,13:15,0.27,R1
283,d,13:31,0.83,R2
283,b,14:22,0.36,R2
284,a,08:53,0.13,R1
284,c,09:01,0.65,R1
284,b,09:41,0.06,R2
285,a,12:21,0.2,R1
285,d,12:33,0.57,R2
285,b,13:08,0.03,R2
286,a,08:58,0.39,R1
286,c,09:22,0.72,R1
286,b,10:05,0.32,R2
287,a,12:01,0.03,R1
287,d,12:03,0.72,R2
287,b,12:46,0.05,R2
288,a,12:14,0.06,R1
288,d,12:17,0.95,R2
288,b,13:15,0.32,R2
289,a,09:36,0.29,R1
289,c,09:54,0.73,R1
289,b,10:38,0.07,R2
290,a,09:08,0.14,R1
290,c,09:16,0.56,R1
290,b,09:50,0.23,R2
291,a,08:59,0.22,R1
291,c,09:12,0.5,R1
291,b,09:43,0.39,R2
292,a,09:33,0.23,R1
292,c,09:47,0.65,R1
292,b,10:26,0.49,R2
293,a,12:07,0.4,R1
293,d,12:31,0.86,R2
293,b,13:23,0.13,R2
294,a,12:10,0.16,R1
294,d,12:20,0.71,R2
294,b,13:03,0.24,R2
295,a,12:16,0.06,R1
295,d,12:19,0.63,R2
295,b,12:57,0.43,R2
296,a,13:17,0.44,R1
296,d,13:44,0.76,R2
296,b,14:30,0.44,R2
297,a,09:06,0.35,R1
297,c,09:27,0.64,R1
297,b,10:06,0.07,R2
298,a,11:48,0.3,R1
298,d,12:06,0.55,R2
298,b,12:40,0.05,R2
299,a,08:53,0.14,R1
299,c,09:01,0.68,R1
299,b,09:43,0.18,R2
300,a,09:18,0.35,R1
300,c,09:39,0.91,R1
300,b,10:34,0.12,R2
301,a,12:11,0.08,R1
301,d,12:16,0.81,R2
301,b,13:05,0.04,R2
302,a,12:47,0.21,R1
302,d,13:00,0.97,R2
302,b,13:59,0.05,R2
303,a,12:52,0.23,R1
303,d,13:06,0.72,R2
303,b,13:50,0.16,R2
304,a,12:28,0.42,R1
304,d,12:54,0.96,R2
304,b,13:52,0.48,R2
305,a,12:41,0.21,R1
305,d,12:53,0.55,R2
305,b,13:27,0.09,R2
306,a,12:09,0.31,R1
306,d,12:28,0.78,R2
306,b,13:15,0.18,R2
307,a,12:11,0.14,R1
307,d,12:20,0.6,R2
307,b,12:56,0.27,R2
308,a,08:56,0.1,R1
308,c,09:02,0.52,R1
308,b,09:34,0.4,R2
309,a,12:58,0.24,R1
309,d,13:13,0.97,R2
309,b,14:12,0.18,R2
310,a,09:00,0.19,R1
310,c,09:12,0.53,R2
310,b,09:43,0.36,R2
311,a,12:09,0.34,R1
311,d,12:30,0.86,R1
311,b,13:22,0.32,R2
312,a,09:27,0.29,R1
312,c,09:44,0.64,R1
312,b,10:23,0.24,R2
313,a,11:43,0.48,R1
313,d,12:12,0.71,R2
313,b,12:55,0.17,R2
314,a,11:46,0.34,R1
314,d,12:07,0.62,R1
314,b,12:44,0.47,R2
315,a,12:12,0.21,R1
315,d,12:25,0.54,R2
315,b,12:58,0.49,R2
316,a,11:52,0.48,R1
316,d,12:22,0.86,R2
316,b,13:13,0.48,R2
317,a,11:57,0.12,R1
317,d,12:04,0.98,R2
317,b,13:04,0.35,R2
318,a,08:40,0.45,R1
318,c,09:07,0.79,R1
318,b,09:55,0.44,R2
319,a,12:20,0.18,R1
319,d,12:31,0.79,R2
319,b,13:19,0.12,R2
320,a,09:29,0.06,R1
320,c,09:32,0.6,R1
320,b,10:08,0.18,R2
321,a,08:55,0.41,R1
321,c,09:20,0.63,R1
321,b,09:58,0.16,R2
322,a,12:00,0.35,R1
322,d,12:21,0.67,R2
322,b,13:02,0.34,R2
323,a,12:30,0.38,R1
323,d,12:54,0.53,R2
323,b,13:25,0.17,R2
324,a,08:58,0.38,R1
324,c,09:21,0.54,R1
324,b,09:54,0.04,R2
325,a,12:27,0.06,R1
325,d,12:31,0.61,R2
325,b,13:08,0.21,R2
326,a,08:41,0.38,R1
326,c,09:05,0.98,R1
326,b,10:04,0.06,R2
327,a,12:29,0.1,R1
327,d,12:36,0.79,R2
327,b,13:23,0.1,R2
328,a,08:45,0.27,R1
328,c,09:02,0.69,R1
328,b,09:44,0.25,R2
329,a,12:03,0.13,R1
329,d,12:10,0.53,R2
329,b,12:43,0.46,R2
330,a,08:40,0.47,R1
330,c,09:09,0.59,R2
330,b,09:45,0.42,R2
331,a,11:49,0.49,R1
331,d,12:19,0.94,R2
331,b,13:15,0.27,R2
332,a,11:46,0.26,R1
332,d,12:01,0.87,R2
332,b,12:54,0.41,R2
333,a,12:07,0.31,R1
333,d,12:26,0.76,R2
333,b,13:12,0.05,R2
334,a,12:04,0.05,R1
334,d,12:07,0.69,R2
334,b,12:49,0.37,R2
335,a,12:00,0.27,R1
335,d,12:16,0.53,R2
335,b,12:48,0.05,R2
336,a,14:24,0.18,R1
336,d,14:35,0.9,R1
336,b,15:30,0.46,R2
337,a,12:28,0.29,R1
337,d,12:46,0.87,R2
337,b,13:38,0.19,R2
338,a,10:18,0.29,R1
338,c,10:35,0.87,R1
338,b,11:28,0.31,R2
339,a,08:47,0.33,R1
339,c,09:07,0.87,R1
339,b,10:00,0.07,R2
340,a,11:43,0.3,R1
340,d,12:01,0.86,R1
340,b,12:53,0.08,R2
341,a,09:02,0.33,R1
341,c,09:22,0.61,R1
341,b,09:59,0.21,R2
342,a,10:07,0.37,R1
342,c,10:29,0.97,R1
342,b,11:28,0.11,R2
343,a,09:21,0.12,R1
343,c,09:29,0.53,R1
343,b,10:01,0.24,R2
344,a,09:44,0.18,R1
344,c,09:55,0.51,R1
344,b,10:26,0.25,R2
345,a,12:06,0.15,R1
345,d,12:15,0.66,R1
345,b,12:55,0.48,R2
346,a,08:59,0.1,R1
346,c,09:05,0.5,R1
346,b,09:35,0.17,R2
347,a,13:40,0.26,R1
347,d,13:56,0.91,R2
347,b,14:51,0.18,R2
348,a,09:38,0.26,R1
348,c,09:54,0.84,R1
348,b,10:44,0.24,R2
349,a,09:22,0.09,R1
349,c,09:28,0.82,R1
349,b,10:17,0.31,R2
350,a,10:06,0.31,R1
350,c,10:25,0.64,R1
350,b,11:03,0.24,R2
351,a,12:03,0.14,R1
351,d,12:12,0.6,R2
351,b,12:48,0.1,R2
352,a,08:52,0.14,R1
352,c,09:00,0.62,R1
352,b,09:37,0.33,R2
353,a,11:37,0.37,R1
353,d,12:00,0.55,R2
353,b,12:33,0.31,R2
354,a,12:30,0.12,R1
354,d,12:37,0.84,R1
354,b,13:28,0.3,R2
355,a,08:55,0.48,R1
355,c,09:24,0.96,R1
355,b,10:22,0.1,R2
356,a,12:38,0.07,R1
356,d,12:42,0.82,R2
356,b,13:32,0.24,R2
357,a,12:57,0.28,R1
357,d,13:14,0.88,R2
357,b,14:08,0.06,R2
358,a,11:40,0.33,R1
358,d,12:00,0.94,R2
358,b,12:57,0.38,R2
359,a,10:03,0.3,R1
359,c,10:21,0.81,R1
359,b,11:10,0.22,R2
360,a,09:58,0.45,R1
360,c,10:25,0.79,R1
360,b,11:13,0.33,R2
361,a,12:33,0.27,R1
361,d,12:50,0.85,R2
361,b,13:42,0.45,R2
362,a,08:53,0.33,R1
362,c,09:13,0.88,R1
362,b,10:06,0.19,R2
363,a,13:39,0.04,R1
363,d,13:42,0.66,R2
363,b,14:22,0.26,R2
364,a,12:14,0.28,R1
364,d,12:31,0.89,R2
364,b,13:24,0.18,R2
365,a,12:20,0.19,R1
365,d,12:31,0.76,R2
365,b,13:17,0.44,R2
366,a,12:13,0.03,R1
366,d,12:14,0.51,R2
366,b,12:46,0.31,R2
367,a,09:25,0.08,R1
367,c,09:29,0.59,R1
367,b,10:05,0.03,R2
368,a,08:37,0.43,R1
368,c,09:03,0.61,R2
368,b,09:40,0.15,R2
369,a,08:57,0.14,R1
369,c,09:06,0.98,R1
369,b,10:05,0.41,R2
370,a,12:03,0.15,R1
370,d,12:12,0.53,R2
370,b,12:44,0.15,R2
371,a,09:01,0.26,R1
371,c,09:17,0.56,R1
371,b,09:50,0.1,R2
372,a,10:23,0.33,R1
372,c,10:42,0.76,R1
372,b,11:29,0.46,R2
373,a,11:50,0.27,R1
373,d,12:06,0.92,R2
373,b,13:02,0.11,R2
374,a,12:01,0.2,R1
374,d,12:13,0.65,R2
374,b,12:53,0.4,R2
375,a,11:03,0.17,R1
375,c,11:14,0.87,R1
375,b,12:07,0.35,R2
376,a,12:10,0.39,R1
376,d,12:33,0.96,R2
376,b,13:31,0.12,R2
377,a,12:30,0.13,R1
377,d,12:38,0.77,R2
377,b,13:25,0.24,R2
378,a,09:45,0.12,R1
378,c,09:53,0.64,R2
378,b,10:31,0.39,R2
379,a,08:50,0.28,R1
379,c,09:07,0.69,R1
379,b,09:49,0.15,R2
380,a,08:44,0.46,R1
380,c,09:12,0.91,R2
380,b,10:07,0.35,R2
381,a,12:20,0.09,R1
381,d,12:25,0.97,R2
381,b,13:24,0.19,R2
382,a,11:59,0.14,R1
382,d,12:07,0.65,R2
382,b,12:47,0.27,R2
383,a,09:27,0.49,R1
383,c,09:57,0.97,R1
383,b,10:55,0.27,R2
384,a,08:58,0.3,R1
384,c,09:16,0.6,R1
384,b,09:53,0.29,R2
385,a,13:17,0.04,R1
385,d,13:20,0.92,R2
385,b,14:15,0.41,R2
386,a,12:39,0.25,R1
386,d,12:54,0.92,R2
386,b,13:50,0.09,R2
387,a,11:40,0.49,R1
387,d,12:10,0.55,R2
387,b,12:43,0.2,R2
388,a,12:07,0.29,R1
388,d,12:24,0.56,R2
388,b,12:58,0.04,R2
389,a,09:28,0.28,R1
389,c,09:45,0.75,R2
389,b,10:30,0.44,R2
390,a,09:33,0.1,R1
390,c,09:39,0.84,R1
390,b,10:30,0.26,R2
391,a,08:51,0.18,R1
391,c,09:02,0.77,R1
391,b,09:48,0.34,R2
392,a,13:54,0.17,R1
392,d,14:05,0.84,R2
392,b,14:55,0.46,R2
393,a,08:41,0.4,R1
393,c,09:05,0.72,R1
393,b,09:49,0.04,R2
394,a,08:45,0.48,R1
394,c,09:14,0.73,R1
394,b,09:58,0.33,R2
395,a,12:53,0.45,R1
395,d,13:21,0.93,R2
395,b,14:17,0.25,R2
396,a,11:52,0.29,R1
396,d,12:09,0.57,R2
396,b,12:44,0.34,R2
397,a,09:02,0.44,R1
397,c,09:29,0.62,R1
397,b,10:06,0.12,R2
398,a,08:33,0.45,R1
398,c,09:00,0.74,R1
398,b,09:45,0.16,R2
399,a,08:59,0.09,R1
399,c,09:05,0.66,R1
399,b,09:45,0.48,R2
400,a,12:02,0.28,R1
400,d,12:19,0.87,R2
400,b,13:12,0.21,R2
401,a,12:02,0.07,R1
401,d,12:06,0.62,R2
401,b,12:43,0.22,R2
402,a,09:19,0.17,R1
402,c,09:29,0.94,R1
402,b,10:26,0.09,R2
403,a,10:20,0.15,R1
403,c,10:29,0.57,R1
403,b,11:04,0.42,R2
404,a,09:30,0.28,R1
404,c,09:47,0.63,R1
404,b,10:25,0.06,R2
405,a,08:59,0.48,R1
405,c,09:28,0.51,R1
405,b,09:59,0.36,R2
406,a,08:55,0.36,R1
406,c,09:16,0.52,R1
406,b,09:48,0.45,R2
407,a,12:54,0.27,R1
407,d,13:10,0.85,R2
407,b,14:02,0.27,R2
408,a,09:12,0.45,R1
408,c,09:40,0.63,R1
408,b,10:18,0.45,R2
409,a,12:43,0.26,R1
409,d,12:59,0.68,R2
409,b,13:40,0.03,R2
410,a,11:52,0.49,R1
410,d,12:22,0.5,R2
410,b,12:53,0.37,R2
411,a,12:23,0.19,R1
411,d,12:34,0.99,R2
411,b,13:34,0.38,R2
412,a,11:55,0.32,R1
412,d,12:15,0.77,R2
412,b,13:02,0.07,R2
413,a,09:11,0.19,R1
413,c,09:22,0.51,R1
413,b,09:53,0.23,R2
414,a,11:52,0.28,R1
414,d,12:09,0.6,R2
414,b,12:46,0.06,R2
415,a,09:17,0.02,R1
415,c,09:19,0.71,R1
415,b,10:02,0.29,R2
416,a,12:12,0.21,R1
416,d,12:25,0.6,R2
416,b,13:01,0.48,R2
417,a,09:04,0.03,R1
417,c,09:06,0.54,R1
417,b,09:39,0.42,R2
418,a,09:12,0.26,R1
418,c,09:28,0.73,R1
418,b,10:13,0.4,R2
419,a,11:50,0.37,R1
419,d,12:12,0.77,R2
419,b,12:59,0.48,R2
420,a,12:39,0.25,R1
420,d,12:54,0.73,R2
420,b,13:38,0.1,R2
421,a,08:43,0.29,R1
421,c,09:00,0.9,R1
421,b,09:55,0.42,R2
422,a,08:41,0.44,R1
422,c,09:08,0.94,R2
422,b,10:05,0.31,R2
423,a,09:16,0.05,R1
423,c,09:19,0.83,R1
423,b,10:09,0.44,R2
424,a,08:47,0.26,R1
424,c,09:03,0.53,R1
424,b,09:35,0.08,R2
425,a,09:07,0.18,R1
425,c,09:18,0.58,R1
425,b,09:53,0.49,R2
426,a,11:59,0.08,R1
426,d,12:04,0.95,R1
426,b,13:01,0.37,R2
427,a,08:44,0.26,R1
427,c,09:00,0.99,R1
427,b,09:59,0.17,R2
428,a,09:58,0.33,R1
428,c,10:17,0.94,R1
428,b,11:14,0.37,R2
429,a,08:41,0.41,R1
429,c,09:05,0.61,R1
429,b,09:42,0.07,R2
430,a,08:49,0.27,R1
430,c,09:05,0.97,R1
430,b,10:04,0.39,R2
431,a,09:38,0.39,R1
431,c,10:01,0.68,R1
431,b,10:42,0.44,R2
432,a,10:00,0.25,R1
432,c,10:15,0.72,R1
432,b,10:59,0.18,R2
433,a,09:09,0.18,R1
433,c,09:19,0.79,R1
433,b,10:07,0.25,R2
434,a,09:15,0.04,R1
434,c,09:17,0.83,R1
434,b,10:07,0.34,R2
435,a,08:43,0.28,R1
435,c,09:00,0.89,R1
435,b,09:54,0.04,R2
436,a,09:02,0.42,R1
436,c,09:28,0.63,R1
436,b,10:05,0.19,R2
437,a,11:44,0.35,R1
437,d,12:05,0.84,R2
437,b,12:56,0.34,R2
438,a,09:02,0.11,R1
438,c,09:08,0.6,R1
438,b,09:45,0.47,R2
439,a,12:31,0.13,R1
439,d,12:39,0.76,R2
439,b,13:25,0.34,R2
440,a,09:22,0.27,R1
440,c,09:39,0.84,R1
440,b,10:30,0.38,R2
441,a,08:43,0.42,R1
441,c,09:09,0.86,R1
441,b,10:01,0.26,R2
442,a,08:48,0.26,R1
442,c,09:03,0.51,R1
442,b,09:34,0.12,R2
443,a,09:25,0.33,R1
443,c,09:45,0.89,R1
443,b,10:38,0.36,R2
444,a,11:53,0.2,R1
444,d,12:05,0.55,R2
444,b,12:38,0.12,R2
445,a,11:36,0.45,R1
445,d,12:04,0.84,R2
445,b,12:55,0.04,R2
446,a,12:10,0.46,R1
446,d,12:38,0.55,R2
446,b,13:11,0.17,R2
447,a,12:46,0.37,R1
447,d,13:08,0.85,R2
447,b,13:59,0.49,R2
448,a,09:13,0.21,R1
448,c,09:26,0.64,R1
448,b,10:05,0.49,R2
449,a,13:42,0.09,R1
449,d,13:48,0.61,R1
449,b,14:25,0.17,R2
450,a,09:04,0.45,R1
450,c,09:32,0.56,R1
450,b,10:05,0.07,R2
451,a,10:27,0.25,R1
451,c,10:42,0.74,R1
451,b,11:27,0.44,R2
452,a,11:44,0.04,R1
452,c,11:46,0.83,R1
452,b,12:36,0.31,R2
453,a,09:22,0.03,R1
453,c,09:24,0.96,R1
453,b,10:22,0.07,R2
454,a,12:02,0.29,R1
454,d,12:20,0.53,R2
454,b,12:52,0.22,R2
455,a,09:39,0.19,R1
455,c,09:50,0.74,R1
455,b,10:35,0.35,R2
456,a,08:57,0.34,R1
456,c,09:18,0.82,R1
456,b,10:07,0.21,R2
457,a,13:25,0.03,R1
457,d,13:27,0.8,R1
457,b,14:15,0.32,R2
458,a,11:47,0.3,R1
458,d,12:05,0.94,R2
458,b,13:02,0.27,R2
459,a,08:49,0.34,R1
459,c,09:10,0.71,R1
459,b,09:53,0.36,R2
460,a,12:41,0.13,R1
460,d,12:48,0.72,R2
460,b,13:32,0.41,R2
461,a,12:01,0.39,R1
461,d,12:24,0.59,R2
461,b,13:00,0.26,R2
462,a,12:07,0.04,R1
462,d,12:10,0.58,R2
462,b,12:46,0.33,R2
463,a,11:49,0.22,R1
463,d,12:02,0.88,R2
463,b,12:56,0.26,R2
464,a,11:46,0.26,R1
464,d,12:02,0.75,R2
464,b,12:47,0.26,R2
465,a,09:11,0.48,R1
465,c,09:40,0.7,R1
465,b,10:22,0.12,R2
466,a,12:07,0.37,R1
466,d,12:30,0.97,R2
466,b,13:28,0.05,R2
467,a,08:53,0.43,R1
467,c,09:19,0.96,R1
467,b,10:17,0.41,R2
468,a,14:03,0.38,R1
468,d,14:27,0.61,R2
468,b,15:03,0.27,R2
469,a,12:02,0.18,R1
469,d,12:13,0.74,R2
469,b,12:58,0.44,R2
470,a,09:01,0.23,R1
470,c,09:15,0.54,R2
470,b,09:48,0.13,R2
471,a,09:10,0.35,R1
471,c,09:31,0.73,R1
471,b,10:16,0.39,R2
472,a,09:50,0.35,R1
472,c,10:11,0.61,R1
472,b,10:48,0.25,R2
473,a,08:54,0.35,R1
473,c,09:16,0.83,R1
473,b,10:06,0.44,R2
474,a,08:59,0.38,R1
474,c,09:22,0.85,R1
474,b,10:13,0.05,R2
475,a,08:57,0.28,R1
475,c,09:14,0.59,R1
475,b,09:50,0.36,R2
476,a,12:18,0.12,R1
476,d,12:25,0.84,R2
476,b,13:16,0.44,R2
477,a,08:36,0.41,R1
477,c,09:00,0.96,R1
477,b,09:59,0.09,R2
478,a,12:10,0.4,R1
478,d,12:34,0.88,R2
478,b,13:28,0.23,R2
479,a,12:18,0.05,R1
479,d,12:21,0.71,R2
479,b,13:04,0.36,R2
480,a,09:40,0.19,R1
480,c,09:51,0.97,R1
480,b,10:50,0.47,R2
481,a,13:13,0.49,R1
481,d,13:42,0.81,R2
481,b,14:32,0.37,R2
482,a,09:01,0.29,R1
482,c,09:19,0.59,R1
482,b,09:54,0.42,R2
483,a,09:24,0.23,R1
483,c,09:39,0.73,R1
483,b,10:23,0.14,R2
484,a,09:10,0.45,R1
484,c,09:37,0.66,R1
484,b,10:17,0.22,R2
485,a,11:39,0.36,R1
485,d,12:01,0.83,R2
485,b,12:52,0.47,R2
486,a,12:56,0.36,R1
486,d,13:18,0.79,R2
486,b,14:05,0.15,R2
487,a,09:24,0.31,R1
487,c,09:43,0.51,R1
487,b,10:14,0.46,R2
488,a,08:47,0.27,R1
488,c,09:04,0.88,R1
488,b,09:57,0.4,R2
489,a,12:01,0.04,R1
489,d,12:03,0.95,R2
489,b,13:01,0.45,R2
490,a,12:46,0.12,R1
490,d,12:53,0.55,R2
490,b,13:26,0.14,R2
491,a,12:02,0.36,R1
491,d,12:24,0.61,R2
491,b,13:01,0.31,R2
492,a,12:14,0.11,R1
492,d,12:21,0.88,R2
492,b,13:15,0.4,R2
493,a,12:00,0.32,R1
493,d,12:19,0.59,R2
493,b,12:55,0.2,R2
494,a,12:19,0.16,R1
494,d,12:28,0.8,R2
494,b,13:17,0.29,R2
495,a,11:51,0.42,R1
495,d,12:16,0.52,R2
495,b,12:48,0.46,R2
496,a,12:39,0.2,R1
496,d,12:52,0.92,R2
496,b,13:47,0.04,R2
497,a,11:43,0.37,R1
497,d,12:06,0.96,R2
497,b,13:04,0.35,R2
498,a,11:48,0.47,R1
498,d,12:17,0.86,R2
498,b,13:09,0.41,R2
499,a,12:32,0.06,R1
499,d,12:36,0.67,R2
499,b,13:16,0.34,R2
500,a,08:37,0.45,R1
500,c,09:04,0.86,R1
500,b,09:56,0.48,R2
